[
  {
    "name": "VisitorData",
    "vulns": [
      {
        "title": "Joomla Module Camp26 Visitor Data 1.1 - Remote code Execution",
        "edbid": 12574,
        "osvdbid": "64583",
        "date": "2010-05-11",
        "introduced_in": 1.1
      }
    ]
  },
  {
    "name": "spo",
    "vulns": [
      {
        "title": "Joomla Component mod_spo SQL Injection Vulnerability",
        "edbid": 17560,
        "date": "2011-07-21",
        "introduced_in": 1.5
      }
    ]
  },
  {
    "name": "simplefileuploadv1.3",
    "vulns": [
      {
        "title": "Joomla Module Simple File Upload 1.3 - Remote Code Execution",
        "edbid": 18287,
        "cveid": "2011-5148",
        "date": "2011-12-28",
        "introduced_in": 1.3
      }
    ]
  },
  {
    "name": "joomulus",
    "vulns": [
      {
        "title": "Joomla! Joomulus Component 2.0 - 'tagcloud.swf' Cross-Site Scripting Vulnerability",
        "edbid": 33441,
        "date": "2009-12-28",
        "introduced_in": 2
      }
    ]
  },
  {
    "name": "3dcloud",
    "vulns": [
      {
        "title": "Joomla! 3D Cloud 'tagcloud.swf' Cross-Site Scripting Vulnerability",
        "edbid": 33566,
        "date": "2010-01-26"
      }
    ]
  },
  {
    "name": "currencyconverter",
    "vulns": [
      {
        "title": "Joomla! Currency Converter Component 'from' Parameter Cross-Site Scripting Vulnerability",
        "edbid": 36659,
        "cveid": "2012-1018",
        "date": "2012-02-02"
      }
    ]
  },
  {
    "name": "ccnewsletter",
    "vulns": [
      {
        "title": "Joomla CCNewsLetter Module 1.0.7 'id' Parameter SQL Injection Vulnerability",
        "edbid": 37101,
        "cveid": "2011-5099",
        "date": "2012-04-23",
        "introduced_in": "1.0.7"
      }
    ]
  },
  {
    "name": "artuploader",
    "vulns": [
      {
        "title": "Joomla! Art Uploader Component 'upload.php' Arbitrary File Upload Vulnerability",
        "edbid": 37379,
        "date": "2012-06-12",
        "introduced_in": "1.0.1"
      }
    ]
  },
  {
    "name": "jfancy",
    "vulns": [
      {
        "title": "Joomla! jFancy Component 'script.php' Arbitrary File Upload Vulnerability",
        "edbid": 37382,
        "date": "2012-06-13",
        "introduced_in": "2.0.3"
      }
    ]
  }
]
