[
  {
    "name": "be2004-2",
    "vulns": [
      {
        "title": "Joomla Template Be2004-2 (index.php) Remote File Include Exploit",
        "edbid": 3759,
        "cveid": "2007-2143",
        "osvdbid": "37572",
        "date": "2007-04-17"
      }
    ]
  },
  {
    "name": "bridgeofhope",
    "vulns": [
      {
        "title": "Joomla Bridge of Hope Template SQL Injection Vulnerability",
        "edbid": 10964,
        "cveid": "2010-2254",
        "osvdbid": "65426",
        "date": "2010-01-03"
      }
    ]
  },
  {
    "name": "youhostit",
    "vulns": [
      {
        "title": "Joomla! You!Hostit! 1.0.1 Template Cross-Site Scripting Vulnerability",
        "edbid": 33393,
        "date": "2009-12-04"
      }
    ]
  }
]